{
  "__inputs": [
    {
      "name": "DS_ES-FIREPOWER-LOGS",
      "label": "elasticsearch-fmc",
      "description": "",
      "type": "datasource",
      "pluginId": "elasticsearch",
      "pluginName": "Elasticsearch"
    }
  ],
  "__requires": [
    {
      "type": "datasource",
      "id": "elasticsearch",
      "name": "Elasticsearch",
      "version": "5.0.0"
    },
    {
      "type": "grafana",
      "id": "grafana",
      "name": "Grafana",
      "version": "5.0.4"
    },
    {
      "type": "panel",
      "id": "table",
      "name": "Table",
      "version": "5.0.0"
    }
  ],
  "annotations": {
    "list": [
      {
        "builtIn": 1,
        "datasource": "-- Grafana --",
        "enable": true,
        "hide": true,
        "iconColor": "rgba(0, 211, 255, 1)",
        "name": "Annotations & Alerts",
        "type": "dashboard"
      }
    ]
  },
  "editable": true,
  "gnetId": null,
  "graphTooltip": 0,
  "id": null,
  "iteration": 1540655252769,
  "links": [],
  "panels": [
    {
      "columns": [],
      "datasource": "${DS_ES-FIREPOWER-LOGS}",
      "fontSize": "100%",
      "gridPos": {
        "h": 8,
        "w": 12,
        "x": 0,
        "y": 0
      },
      "id": 4,
      "links": [],
      "pageSize": null,
      "scroll": true,
      "showHeader": true,
      "sort": {
        "col": 0,
        "desc": true
      },
      "styles": [
        {
          "alias": "Source Zone",
          "dateFormat": "YYYY-MM-DD HH:mm:ss",
          "pattern": "src_interface.keyword",
          "type": "string"
        },
        {
          "alias": "Destination IP",
          "colorMode": null,
          "colors": [
            "rgba(245, 54, 54, 0.9)",
            "rgba(237, 129, 40, 0.89)",
            "rgba(50, 172, 45, 0.97)"
          ],
          "dateFormat": "YYYY-MM-DD HH:mm:ss",
          "decimals": 2,
          "pattern": "dst_ip.keyword",
          "thresholds": [],
          "type": "string",
          "unit": "short"
        },
        {
          "alias": "",
          "colorMode": null,
          "colors": [
            "rgba(245, 54, 54, 0.9)",
            "rgba(237, 129, 40, 0.89)",
            "rgba(50, 172, 45, 0.97)"
          ],
          "decimals": 2,
          "pattern": "/.*/",
          "thresholds": [],
          "type": "number",
          "unit": "short"
        }
      ],
      "targets": [
        {
          "bucketAggs": [
            {
              "fake": true,
              "field": "src_interface.keyword",
              "id": "3",
              "settings": {
                "min_doc_count": 1,
                "order": "desc",
                "orderBy": "_term",
                "size": "10"
              },
              "type": "terms"
            },
            {
              "field": "dst_ip.keyword",
              "id": "2",
              "settings": {
                "min_doc_count": 1,
                "order": "desc",
                "orderBy": "_count",
                "size": "10"
              },
              "type": "terms"
            }
          ],
          "expr": "",
          "format": "table",
          "intervalFactor": 1,
          "metrics": [
            {
              "field": "select field",
              "id": "1",
              "type": "count"
            }
          ],
          "query": "action: \"Deny\"",
          "refId": "A",
          "timeField": "@timestamp"
        }
      ],
      "title": "Blocks",
      "transform": "table",
      "type": "table"
    },
    {
      "columns": [],
      "datasource": "${DS_ES-FIREPOWER-LOGS}",
      "fontSize": "100%",
      "gridPos": {
        "h": 8,
        "w": 12,
        "x": 12,
        "y": 0
      },
      "id": 5,
      "links": [],
      "pageSize": null,
      "scroll": true,
      "showHeader": true,
      "sort": {
        "col": 0,
        "desc": true
      },
      "styles": [
        {
          "alias": "Denied IP",
          "dateFormat": "YYYY-MM-DD HH:mm:ss",
          "pattern": "src_ip.keyword",
          "type": "string"
        },
        {
          "alias": "Destination IP",
          "colorMode": null,
          "colors": [
            "rgba(245, 54, 54, 0.9)",
            "rgba(237, 129, 40, 0.89)",
            "rgba(50, 172, 45, 0.97)"
          ],
          "dateFormat": "YYYY-MM-DD HH:mm:ss",
          "decimals": 2,
          "pattern": "dst_ip.keyword",
          "thresholds": [],
          "type": "string",
          "unit": "short"
        },
        {
          "alias": "",
          "colorMode": null,
          "colors": [
            "rgba(245, 54, 54, 0.9)",
            "rgba(237, 129, 40, 0.89)",
            "rgba(50, 172, 45, 0.97)"
          ],
          "decimals": 2,
          "pattern": "/.*/",
          "thresholds": [],
          "type": "number",
          "unit": "short"
        }
      ],
      "targets": [
        {
          "bucketAggs": [
            {
              "fake": true,
              "field": "src_ip.keyword",
              "id": "3",
              "settings": {
                "min_doc_count": 1,
                "order": "desc",
                "orderBy": "_count",
                "size": "10"
              },
              "type": "terms"
            }
          ],
          "expr": "",
          "format": "table",
          "intervalFactor": 1,
          "metrics": [
            {
              "field": "select field",
              "id": "1",
              "type": "count"
            }
          ],
          "query": "action: \"Deny\"",
          "refId": "A",
          "timeField": "@timestamp"
        }
      ],
      "title": "Denied IP list",
      "transform": "table",
      "type": "table"
    },
    {
      "columns": [
        {
          "text": "FW_IP",
          "value": "FW_IP"
        },
        {
          "text": "FW_TIME",
          "value": "FW_TIME"
        },
        {
          "text": "policy_id",
          "value": "policy_id"
        },
        {
          "text": "action",
          "value": "action"
        },
        {
          "text": "src_interface",
          "value": "src_interface"
        },
        {
          "text": "src_ip",
          "value": "src_ip"
        },
        {
          "text": "src_port",
          "value": "src_port"
        },
        {
          "text": "dst_interface",
          "value": "dst_interface"
        },
        {
          "text": "dst_ip",
          "value": "dst_ip"
        },
        {
          "text": "dst_port",
          "value": "dst_port"
        }
      ],
      "datasource": "${DS_ES-FIREPOWER-LOGS}",
      "fontSize": "90%",
      "gridPos": {
        "h": 19,
        "w": 24,
        "x": 0,
        "y": 8
      },
      "id": 2,
      "links": [],
      "pageSize": 100,
      "scroll": true,
      "showHeader": true,
      "sort": {
        "col": 0,
        "desc": true
      },
      "styles": [
        {
          "alias": "Time",
          "dateFormat": "YYYY-MM-DD HH:mm:ss",
          "pattern": "Time",
          "type": "date"
        },
        {
          "alias": "",
          "colorMode": null,
          "colors": [
            "rgba(245, 54, 54, 0.9)",
            "rgba(237, 129, 40, 0.89)",
            "rgba(50, 172, 45, 0.97)"
          ],
          "decimals": 2,
          "pattern": "/.*/",
          "thresholds": [],
          "type": "number",
          "unit": "short"
        }
      ],
      "targets": [
        {
          "bucketAggs": [],
          "expr": "",
          "format": "table",
          "intervalFactor": 1,
          "metrics": [
            {
              "field": "select field",
              "id": "1",
              "meta": {},
              "settings": {
                "size": 10000
              },
              "type": "raw_document"
            }
          ],
          "refId": "A",
          "timeField": "@timestamp"
        }
      ],
      "title": "Firewall Logs",
      "transform": "json",
      "type": "table"
    }
  ],
  "schemaVersion": 16,
  "style": "dark",
  "tags": [],
  "templating": {
    "list": []
  },
  "time": {
    "from": "now/d",
    "to": "now"
  },
  "timepicker": {
    "refresh_intervals": [
      "5s",
      "10s",
      "30s",
      "1m",
      "5m",
      "15m",
      "30m",
      "1h",
      "2h",
      "1d"
    ],
    "time_options": [
      "5m",
      "15m",
      "1h",
      "6h",
      "12h",
      "24h",
      "2d",
      "7d",
      "30d"
    ]
  },
  "timezone": "",
  "title": "FirePower Log",
  "uid": "30dm-WHmk",
  "version": 22
}