{
  "__inputs": [
    {
      "name": "DS_ES-FILEBEAT-HANA-SERVICES",
      "label": "es-filebeat-hana-services",
      "description": "",
      "type": "datasource",
      "pluginId": "elasticsearch",
      "pluginName": "Elasticsearch"
    },
    {
      "name": "DS_ES-FILEBEAT-HANA-AVAILABLE",
      "label": "es-filebeat-hana-available",
      "description": "",
      "type": "datasource",
      "pluginId": "elasticsearch",
      "pluginName": "Elasticsearch"
    }
  ],
  "__requires": [
    {
      "type": "datasource",
      "id": "elasticsearch",
      "name": "Elasticsearch",
      "version": "5.0.0"
    },
    {
      "type": "grafana",
      "id": "grafana",
      "name": "Grafana",
      "version": "5.0.4"
    },
    {
      "type": "panel",
      "id": "table",
      "name": "Table",
      "version": "5.0.0"
    }
  ],
  "annotations": {
    "list": [
      {
        "builtIn": 1,
        "datasource": "-- Grafana --",
        "enable": true,
        "hide": true,
        "iconColor": "rgba(0, 211, 255, 1)",
        "name": "Annotations & Alerts",
        "type": "dashboard"
      }
    ]
  },
  "editable": true,
  "gnetId": null,
  "graphTooltip": 0,
  "id": null,
  "iteration": 1540653976634,
  "links": [],
  "panels": [
    {
      "columns": [
        {
          "text": "host",
          "value": "host"
        },
        {
          "text": "HANAtimestamp",
          "value": "HANAtimestamp"
        },
        {
          "text": "ACTION",
          "value": "ACTION"
        },
        {
          "text": "LOGLEVEL",
          "value": "LOGLEVEL"
        },
        {
          "text": "CONTENT",
          "value": "CONTENT"
        }
      ],
      "datasource": "${DS_ES-FILEBEAT-HANA-SERVICES}",
      "fontSize": "100%",
      "gridPos": {
        "h": 20,
        "w": 24,
        "x": 0,
        "y": 0
      },
      "id": 4,
      "links": [],
      "pageSize": 100,
      "scroll": true,
      "showHeader": true,
      "sort": {
        "col": 5,
        "desc": true
      },
      "styles": [
        {
          "alias": "HANA-Time",
          "colorMode": null,
          "colors": [
            "rgba(245, 54, 54, 0.9)",
            "rgba(237, 129, 40, 0.89)",
            "rgba(50, 172, 45, 0.97)"
          ],
          "dateFormat": "YYYY-MM-DD HH:mm:ss.SSS",
          "decimals": 2,
          "link": false,
          "pattern": "HANAtimestamp",
          "thresholds": [],
          "type": "date",
          "unit": "short"
        },
        {
          "alias": "source",
          "colorMode": null,
          "colors": [
            "rgba(245, 54, 54, 0.9)",
            "rgba(237, 129, 40, 0.89)",
            "rgba(50, 172, 45, 0.97)"
          ],
          "dateFormat": "YYYY-MM-DD HH:mm:ss",
          "decimals": 2,
          "pattern": "source",
          "preserveFormat": false,
          "sanitize": true,
          "thresholds": [],
          "type": "string",
          "unit": "short"
        },
        {
          "alias": "",
          "colorMode": null,
          "colors": [
            "rgba(245, 54, 54, 0.9)",
            "rgba(237, 129, 40, 0.89)",
            "rgba(50, 172, 45, 0.97)"
          ],
          "dateFormat": "YYYY-MM-DD HH:mm:ss",
          "decimals": 2,
          "pattern": "",
          "thresholds": [],
          "type": "number",
          "unit": "short"
        },
        {
          "alias": "",
          "colorMode": null,
          "colors": [
            "rgba(245, 54, 54, 0.9)",
            "rgba(237, 129, 40, 0.89)",
            "rgba(50, 172, 45, 0.97)"
          ],
          "decimals": 2,
          "pattern": "/.*/",
          "thresholds": [],
          "type": "number",
          "unit": "short"
        }
      ],
      "targets": [
        {
          "bucketAggs": [],
          "expr": "",
          "format": "table",
          "intervalFactor": 1,
          "metrics": [
            {
              "field": "select field",
              "id": "1",
              "meta": {},
              "settings": {
                "size": 500
              },
              "type": "raw_document"
            }
          ],
          "query": "host:\"$hanahost\"",
          "refId": "A",
          "timeField": "@timestamp"
        }
      ],
      "title": "HANA service Log",
      "transform": "json",
      "type": "table"
    },
    {
      "columns": [],
      "datasource": "${DS_ES-FILEBEAT-HANA-AVAILABLE}",
      "fontSize": "100%",
      "gridPos": {
        "h": 20,
        "w": 24,
        "x": 0,
        "y": 20
      },
      "id": 5,
      "links": [],
      "pageSize": 100,
      "scroll": true,
      "showHeader": true,
      "sort": {
        "col": null,
        "desc": false
      },
      "styles": [
        {
          "alias": "HANA-Time",
          "colorMode": null,
          "colors": [
            "rgba(245, 54, 54, 0.9)",
            "rgba(237, 129, 40, 0.89)",
            "rgba(50, 172, 45, 0.97)"
          ],
          "dateFormat": "YYYY-MM-DD HH:mm:ss.SSS",
          "decimals": 2,
          "link": false,
          "pattern": "HANAtimestamp",
          "thresholds": [],
          "type": "date",
          "unit": "short"
        },
        {
          "alias": "source",
          "colorMode": null,
          "colors": [
            "rgba(245, 54, 54, 0.9)",
            "rgba(237, 129, 40, 0.89)",
            "rgba(50, 172, 45, 0.97)"
          ],
          "dateFormat": "YYYY-MM-DD HH:mm:ss",
          "decimals": 2,
          "pattern": "source",
          "preserveFormat": false,
          "sanitize": true,
          "thresholds": [],
          "type": "string",
          "unit": "short"
        },
        {
          "alias": "",
          "colorMode": null,
          "colors": [
            "rgba(245, 54, 54, 0.9)",
            "rgba(237, 129, 40, 0.89)",
            "rgba(50, 172, 45, 0.97)"
          ],
          "decimals": 2,
          "pattern": "/.*/",
          "thresholds": [],
          "type": "number",
          "unit": "short"
        }
      ],
      "targets": [
        {
          "bucketAggs": [],
          "expr": "",
          "format": "table",
          "intervalFactor": 1,
          "metrics": [
            {
              "field": "select field",
              "id": "1",
              "meta": {},
              "settings": {
                "size": 500
              },
              "type": "raw_document"
            }
          ],
          "query": "host:\"$hanahost\"",
          "refId": "A",
          "timeField": "@timestamp"
        }
      ],
      "title": "HANA Availability Log",
      "transform": "json",
      "type": "table"
    }
  ],
  "refresh": false,
  "schemaVersion": 16,
  "style": "dark",
  "tags": [],
  "templating": {
    "list": [
      {
        "allValue": null,
        "current": {},
        "datasource": "${DS_ES-FILEBEAT-HANA-SERVICES}",
        "hide": 0,
        "includeAll": false,
        "label": null,
        "multi": false,
        "name": "hanahost",
        "options": [],
        "query": "{\"find\": \"terms\", \"field\": \"host.keyword\"}",
        "refresh": 2,
        "regex": "",
        "sort": 1,
        "tagValuesQuery": "",
        "tags": [],
        "tagsQuery": "",
        "type": "query",
        "useTags": false
      }
    ]
  },
  "time": {
    "from": "2018-06-13T16:56:43.890Z",
    "to": "2018-06-14T04:56:43.890Z"
  },
  "timepicker": {
    "refresh_intervals": [
      "5s",
      "10s",
      "30s",
      "1m",
      "5m",
      "15m",
      "30m",
      "1h",
      "2h",
      "1d"
    ],
    "time_options": [
      "5m",
      "15m",
      "1h",
      "6h",
      "12h",
      "24h",
      "2d",
      "7d",
      "30d"
    ]
  },
  "timezone": "browser",
  "title": "HANA  Log",
  "uid": "YkBIbkNmz",
  "version": 16
}